id	text	label
sexism2022_english-10062	Her looking at you in the eyes is an opening. Thats a good chance to go and talk with her.	sexist
sexism2022_english-10128	"After the Nazi Germans were driven out in WWII by the Allies, French women who had “fraternized” (i.e. willingly had sex with) German soldiers were publicly shamed & had their hair shorn off by their country men."	sexist
sexism2022_english-10134	That was so stupid I thought you were a female	sexist
sexism2022_english-10219	Latest Fashion for women Purchase one for Christmas Like Today Buy one for all your European female family and friends! IF raped there's lots of evidence left behind! MEN DON'T RAPE WIMPS DO Scared of Mommy syndrom	not sexist
sexism2022_english-10247	She isnt her child. That's probably why she was a-ok with hurting the child.	not sexist
sexism2022_english-10254	"right on. if sarah jeong was a White major league baseball pitcher, she'd already be in sensitivity training in the minor leagues!"	not sexist
sexism2022_english-10291	"Clearly you're a female, highly emotional and quiet possibly brainwashed. Good Day."	sexist
sexism2022_english-10411	Feminism is misandry. Period.	not sexist
sexism2022_english-10449	Thanks! First FFM threesome. I've tag-teamed a few girls before.	not sexist
sexism2022_english-10496	"My buddy tried to juggle multiple girls while studying abroad in two countries, all while dating someone here. She eventually found out and dumped him. They all hated him after that (fucking RIP) there is potential to hurt feelings."	sexist
sexism2022_english-10509	Are those burkas behind her?	not sexist
sexism2022_english-10559	"Whores get paid for sex. She’s a slut, hoe, loose woman."	sexist
sexism2022_english-10586	fuck.the queen... save the country....	sexist
sexism2022_english-10589	lol. /u/08Winchester deleted his post. why do the little bitches always manage to act so predictably?	not sexist
sexism2022_english-10640	Most women lay there like sacks of shit anyway. The ones that are crazy in bed are not usually wife material because they are whores or actually crazy.	sexist
sexism2022_english-10646	Funny how they mentioned they are trynna deliver on feminine care.... But nothing about men's care.... Guess they made their choice. Hope they go bankrupt	not sexist
sexism2022_english-10651	one more on the holohoax as what's her name seemed to need severe convincing. [URL]	not sexist
sexism2022_english-10678	This whole comic confirms the blackpill God I fucking hate females they make me wanna die why the fuck can't they just vanish off the face of the earth	sexist
sexism2022_english-10703	"Don't know what it is but let me tell you my experience. Once I hit 40 I started getting so much unsolicited attention from women. Some would say hello to me first, and I'd regularly get an enthusiastic hello back from many women."	not sexist
sexism2022_english-10733	"[USER] why does anyone listen to this tired ol' woman. ""She"" is not relevant any more"	sexist
sexism2022_english-1080	"Oh yeah! Let's watch the goomba basketball dykes fall farther and faster than the NFL! You go, (((girls!))) [URL]"	sexist
sexism2022_english-10809	More double standards. This is a multiculti calling for violence against whoever she sees as a hate group. I just reported to get this predictable screencap desu	not sexist
sexism2022_english-10867	"ah, yes and she hated feet but enjoyed choking."	sexist
sexism2022_english-10903	"#Sweet, #Cute, #Kids, #GabFam, #Video, #Awww, Watch this 4-year-old girl pouring her heart out in this timeless Sinatra classic! She is so cute! [URL]"	not sexist
sexism2022_english-10931	"man/woman has a RIGHT 2 do as he/she wishes on planet earth as long it shall not create harm,injury or loss to his/her fellow man/woman!!!!"	not sexist
sexism2022_english-10948	"Good, glad they are so supportive of LGBTQPRSetc. Don't have a problem with that, just give me back my bathroom/changing room PRIVACY!"	not sexist
sexism2022_english-10999	Say you also don't date white guys/girls and high-five her or something	not sexist
sexism2022_english-11011	The same women that brought about prohibition and income tax ?	sexist
sexism2022_english-11042	"Your money is our money, my money is my money. Female logic"	sexist
sexism2022_english-11064	"Damn shame man has come to this point. But we have 2 choices, sharpen your swords or claim your trophy bitching on the internet! Deus vult!"	not sexist
sexism2022_english-11109	r/Breeding? Some of you people need to get a fucking life.	not sexist
sexism2022_english-11169	[USER] ditto for me! drain the swamp is not good enough for her! #MAGA ban madonna!	not sexist
sexism2022_english-11227	women's suffrage was a mistake	not sexist
sexism2022_english-11288	"Defend our kind, our women, our children from the niggers, sand niggers and all other non-whites."	not sexist
sexism2022_english-11345	"If I was you, I would ignore her, she went back to her ex while she was with you. Don't let her do these kind of things to you, just cut her off and maybe she might come chasing back."	not sexist
sexism2022_english-11439	"All right, ladies, fine. You're not a whore. But you are wearing a whore's uniform.”	"	sexist
sexism2022_english-11515	Me seeing Women angry at work = game over whore...no more free rides.	sexist
sexism2022_english-11598	If you’re hooking up with the mother then out of respect I wouldn’t touch her family members personally but I’m not a 	not sexist
sexism2022_english-11600	"trump and the republicans have huge rallies, where are the dems and their blue wave, have they even had any rallies, or did no one show up"	not sexist
sexism2022_english-11602	"Until they do something about it, they're okay with it. That's how I'm using the term 'okay'. So I conclude Germany is ok with their women getting raped, same as Sweden."	sexist
sexism2022_english-11610	I prefer not to use vagina tactics.	sexist
sexism2022_english-11675	[URL] Crime wave in Germany - Cracks start showing in the female narrative	not sexist
sexism2022_english-11769	They had better figure out how they are cheating in the elections. I find it impossible to believe this little dingbat beat out the democRAT incumbent. Now that we know she sleeps with Soreass  we can be pretty sure there was voter fraud involved.	sexist
sexism2022_english-11772	the end thrust to the face is the only possibility if you aren't watching--bring your enemies closer--ill bloody my elbows but it will go to allah	not sexist
sexism2022_english-11782	Don’t forget society tells these women they are plus sized queens instead of telling them they are fat and need to lose weight.	sexist
sexism2022_english-11816	They want it to be LGBTP.	not sexist
sexism2022_english-11864	"[USER] SJWs and the left support cuckoldery as long as the cuckold is a white male, the wife controls everything, & the bull is a black male. I can see them supporting polyamory and polygamy soon. It's a voter base they can pander too."	not sexist
sexism2022_english-11898	Muslim (or Muslim lover) urges criminal police investigation for a tweet. The hell with mass murderers of little girls. Get that evil Islamophobic tweeter! [URL]	not sexist
sexism2022_english-11924	The girls who travel solo DNGAF. No one's there to judge them. None of her hookups will get back to her social circle. It's pretty much a free pass to do whatever. This is genius.	not sexist
sexism2022_english-11928	Go Kellyanne - a kick ass Jersey girl!	not sexist
sexism2022_english-11948	#QANON LadyDragon live New Q - [USER] [URL] [URL] #Q #QALERT #QARMY #1A #2A #NRA #BREAKING #NEWS #TRUMP #PATRIOT #WOMEN #CANADA #QUEBEC #MONTREAL #PARROTS #BIRDS #ANIMALS #MBS #CIA #FBI #DISCLOSURE #UFO #NATURE #DLIVE #WWG1WGA	not sexist
sexism2022_english-11960	"Whether its a fat fucking bitch in the Hollywood Hills or a shy cute feminine Japanese girl. Once she is bored, finds another guy more interesting or you lose frame, it all goes to shit fast"	sexist
sexism2022_english-12035	Ya'know... got the feeeeeeeeeeeelings all hurt..... gotta monitor our tone and all to please the stuck up little bonnie lass so she doesn't have herself a tizzy	sexist
sexism2022_english-12080	"It is a modern world... technically strength is irrelevant. Money as well ( is shes from a rich family or more educated; but men less frequently date a woman with a higher salary, at least in asian societies) As for taller... im asian so... 5""7 mate."	sexist
sexism2022_english-12160	What makes you think Stacy will fuck you? Even if you betabux it’s not likely you’ll be spreading your seed in her. Look at r/deadbedroom and r/mgtow2	not sexist
sexism2022_english-12184	I shouldn't be surprised that so many white women I know are childless. They've been fed this sort of #NoRepro propaganda all their lives. #NoRepro is #NoEuro.	not sexist
sexism2022_english-12223	Yea but from his daughter? That has got to hurt.	not sexist
sexism2022_english-12225	For all his rationality he's still a cuck who has enabled the madness.	not sexist
sexism2022_english-12263	"Why the LGBT, dyke, faggot, queer, he-she, tranny, NAMBLA, weirdo freak lobby is so dangerous. [URL]"	not sexist
sexism2022_english-12289	"If it was just recycling, I'd be fine. It's that the clever, sweet girl transformed to a snowflake."	not sexist
sexism2022_english-12303	"I think it's time President Trump puts her in there,in prison!"	not sexist
sexism2022_english-12304	WELL That explains This TANK!	not sexist
sexism2022_english-12402	How can he be an incel? He does have a girlfriend. Fuck anyone who says this. He has kissed a legit 7/10 girl. Fuck all of you looking up to this fag.	not sexist
sexism2022_english-12415	"Even Stephen Bannon has been stressing for increases in taxes on the wealthy, he said $5 million and above. Taxing the Billionaire class is something both Socialists AND Nationalists actually agree upon."	not sexist
sexism2022_english-12488	Negro mama refuses to admit that her Negro chillin is a savage. [URL]	not sexist
sexism2022_english-12490	Did mommy fuck her sugar daddy while your daddy beat you? Fucking moron.	sexist
sexism2022_english-12515	"I actually don't think there is anything wrong with the ad. She may have done extraordinarily, but that does not reflect poorly on men nor well upon women. It just means she is extraordinary, each sex has some extraordinary people."	not sexist
sexism2022_english-12528	"The irony. One of the most romantic and blue pill movies, is instead a perfect example of hypergamy, cuckoldry, female privilege, etc."	sexist
sexism2022_english-12559	#WednesdayWaystoHelp: The Intrepid Fallen Heroes Fund -- assisting the men and women of our military and their families since 2000 [URL]	not sexist
sexism2022_english-12595	"Have you read any of Drew Karpyshyn's Mass Effect books? In one of them he actually goes a bit into melding, with the protagonist saying that human women just can't compare. This sort of thing is why some claim the Asari are a parasitic species."	not sexist
sexism2022_english-12631	[USER] I like my women a lil bit crazy Just a lil. The adventures ;)	not sexist
sexism2022_english-12657	wish i had a girlfriend named alexa so i can force her to do stuff	sexist
sexism2022_english-1266	How can she fight crime when she has to be constantly escorted by a male relative?	sexist
sexism2022_english-12673	Here in Germoney the problem is that you don't owe child support to the mother but the child (not that the mother has to spend it on the child of course). And the child can't waive his rights to child support.	not sexist
sexism2022_english-12872	"for fuck's sake just enjoy the music, you don't need a new game plan for every damned place you go to"	not sexist
sexism2022_english-12911	"What's funny is that if you ask this to guys about women, they will generally be thinking about most women when they answer. But the women here are thinking about very specific men haha No judgment. Just reality."	sexist
sexism2022_english-12937	Imagine being a literal whore and not realizing the majority of your customers are incels.	not sexist
sexism2022_english-12995	"haha woman suck amirite. it's like, obviously the solution to sexism in rape accusations and social consequences is sexism in the opposite direction. duh."	sexist
sexism2022_english-1302	"None of these loose mothers should be rewarded with 'real men', they should see that choosing wisely in the first place is the highest priority if they don't want a one-way trip to never again getting clearance for make-out."	sexist
sexism2022_english-13028	This is about autism on women. Nobody cares about autistic men. They are subhumans to society	not sexist
sexism2022_english-1315	You’re the one on reddit crying because a girl chose another guy over you lol.	not sexist
sexism2022_english-1317	Or D) because she’s just a bitch who cannot fucking shut up! A total sore loser. [URL]	sexist
sexism2022_english-13229	Look at all the betacucks upvoting in Comedycemetary thinking that will get them a girl	not sexist
sexism2022_english-13269	I basically have. As much as a woman could be politically aware IDK. But she understands (((WHO))) is doing the degeneracy-pushing.	sexist
sexism2022_english-13277	Your mother used to smash up your autism medicine in your lucky charms before strapping on your special helmet and sending you off to school.	not sexist
sexism2022_english-1328	Maybe her mom liked braves too much and was trying to avoid the nose scar.	not sexist
sexism2022_english-13294	"Go on then I’ll humour you, if the purpose of this sub ISN’T to berate women, what is it’s purpose Casanova? Because to the untrained eye, it looks like one hell of a circle jerk."	not sexist
sexism2022_english-1330	Russian Intelligence intercepted and leaked a 'value report' that 23 Beds were being prepared at a Federal Detention Center in Philadelphia for 'high profile Inmates' over the next month. [USER] Many take this to mean Hillary is one of them. [URL]	not sexist
sexism2022_english-13317	The Founders gave us the 2nd Amendment the liberals have repeatedly worked to take it away. Fuck them.	not sexist
sexism2022_english-13331	How do you idiots keep falling for onion headlines? *Reductress* is literally an onion website parodying women’s issues.	not sexist
sexism2022_english-13449	I still don't get why it would be something you'd argue about. But just because some random women doesn't like short dudes doesn't mean there aren't others who do . Short dudes are hot too.	not sexist
sexism2022_english-13463	Ladies and gentlemen I present: A Messy Kitchen	not sexist
sexism2022_english-13470	"These ""women"" are out of their fucking minds. Wow. What's worse is that the other looneys cheer this behavior on."	sexist
sexism2022_english-13479	I still dont get it. Do you want her back? Or do you want to bang her?	not sexist
sexism2022_english-1348	"Is she really that into you? Who meeds six months to start a relationship, damn."	not sexist
sexism2022_english-13508	"*German alpha female corporate executive GF* Jajajajjjajajajaja. ""Alpha female"" lol."	sexist
sexism2022_english-13563	What other books you can suggest that made an impact on your life and the way you talk/attract girls. I'm just starting out and would need all the help I could get to get this part of my life handled. Thanks.	not sexist
sexism2022_english-13601	He only did it cause she was black. Exactly what a racist would do. #OhCarl	not sexist
sexism2022_english-13602	Sleep with more/date other girls and it becomes unimportant	not sexist
sexism2022_english-13628	"#BadBitches #MeToo "" the women’s penitentiaries are full of bad bitches… so therefore let America celebrate incarceration and sadism!"" [URL]"	sexist
sexism2022_english-1363	As a man and a woman.	not sexist
sexism2022_english-13638	exactly! why be in contact with the ex? cause women are fucking garbage.	sexist
sexism2022_english-13681	"Um, I don't think any of these ""chadcels"" are sleeping with the women who come to this sub. I actually think they're the people furthest from ever getting laid."	not sexist
sexism2022_english-13683	Resign??? I like the idea of her hanging herself on a doorknob much better.	not sexist
sexism2022_english-13688	Wire her jaw shut...	not sexist
sexism2022_english-13692	"Hahaaa! No I didn't check your profile douchebag. And I can assure you, women are laughing at you behind your back constantly. You're an idiot."	not sexist
sexism2022_english-13714	What a drama queen. He must be gay.	not sexist
sexism2022_english-13730	"Not but you wont have a harem like Chads do or get women's best efforts. Yes, attractive is objective, look at tinder."	not sexist
sexism2022_english-13747	And not imagine all those fans of Batchelorette. The packaged story that millions buy at zero thoughts of the sluttiness happening behind cameras.	not sexist
sexism2022_english-1388	"No, its because she's a marry sue"	not sexist
sexism2022_english-13903	"People were telling him to PAY FOR A LAWYER to his soon to be wife to explain and NEGOTIATE the freaking pre nup!!! No one was saying “ RUNNNN”. I was shocked, mate!!!"	not sexist
sexism2022_english-13928	German Official Calls For Giving Migrants Voting Rights Before Gaining Citizenship [URL] Germans. Rise UP. Time to kick her to the curb	not sexist
sexism2022_english-13949	"my dad was over 6foot my mom was 5'2"" guess who I took after lol"	not sexist
sexism2022_english-14043	They are all sluts bud	not sexist
sexism2022_english-14199	"Fat women go slop mode, and slop their mouths all over high-tier normies. Fact."	sexist
sexism2022_english-14201	Of course they fail to mention that the majority of women are given high-paying jobs where they do no real work because they have vagina.	sexist
sexism2022_english-14228	"You can if she lives in Thailand and wants a better life, fucktard."	sexist
sexism2022_english-1423	"Where are they? *Literally everywhere.* It's men that perpetuate the myth that women can't rape men, not women. Stop blaming women for your inadequacies bud."	sexist
sexism2022_english-14302	that happened to me last week they dont know how long im banned there making up there minds so far its been nine days just for telling c. handler she was a human urinal and should kill herself and get over it.	sexist
sexism2022_english-14323	exactly jfl they think mayos fetishize them when in realize they are just getting their nut off on an easy JBW kill	not sexist
sexism2022_english-14331	"The entire concept is just a defense mechanism for normies to convince themselves that their crush is interested in them, while in reality she is busy fucking Chads night by night."	sexist
sexism2022_english-14475	Read whereareallthegoodmen sub and stay away from single moms beyond ons.	not sexist
sexism2022_english-14523	98&#37; of this sub are chickens with the head cut off....... but yeah w/e ....	not sexist
sexism2022_english-14533	"Notice the cleavage/boob shot shes giving, to get her free pussy pass for being an overweight nasty cunt... If you see one of these cleavage and boob babes anywhere.... run away!"	sexist
sexism2022_english-14582	"[USER] - This is what we're now encountering on gab: 'Sorry to hear gab is littered w/ anti-gay rants. The ignorant hate must end or gab will become useless' (posted earlier today by '@ g i a t n y'). According to her, 'free speech' = useless litter."	not sexist
sexism2022_english-14609	"What about your social intelligence, confidence, mental and emotional health, physical health etc. Do you have any disorders, are you crippled, do you have friends? Do you have the balls to hit on women?"	not sexist
sexism2022_english-14614	"I'm a black guy and actually take being called a ""white supremacist"" as a compliment. At least they have the balls to be honest, unlike you soy-guzzling #Communist #assclowns!"	not sexist
sexism2022_english-14620	"Actually not his wife. Her name is tinka res they are in the same shitposting circles, David Wu isn't a incel he's a shitposter."	not sexist
sexism2022_english-14666	These dumb assholes wonder why police have to shoot them. Keep showing more of these videos to show what a fucking conjob all this racial shit is. This dumb fuck is a victim because he chose to be a victim. I hope they killed his ass.	not sexist
sexism2022_english-14747	“There are some deranged people” ....YOU are a deranged person to be ok with your wife fucking other men... holy shit...	not sexist
sexism2022_english-14750	"exactly! the right body type with being moderately overweight is sexy af. however, i only met two or three women like that besides my gf, so its pretty rare."	not sexist
sexism2022_english-14793	Also exposed how women are so explosively anger and totally willing to hit children. This is why women don't deserve to have kids. The most abusive parents of all are mothers.	sexist
sexism2022_english-14797	Dude dont game in text. Logistics only. Idk how many girls I've fucked up with either playing off being charming or funny in text. It will never come across how you think it will. Save it for in face buddy	sexist
sexism2022_english-14843	I generally don't do couple stuff without being in a relationship. Shit gets too blurry	not sexist
sexism2022_english-14923	I'm sure she will still be seducing female agents.	not sexist
sexism2022_english-14998	Unlicensed day care worker reportedly tells cops she would 'rather be deported than go to jail' after allegedly breaking child's legs	not sexist
sexism2022_english-15090	"It's not all bad for boys. They are still dominating numbers in engineering, mathematics, and physics."	not sexist
sexism2022_english-15095	"Hollywood essentially writes women to be men, which is how the culture got so used to the idea of women being as capable as men. I just pretend like every show / movie takes place in an alternate reality where women are actually people."	sexist
sexism2022_english-15157	"The day we understand thots, is the day we need to get off the interwebs."	not sexist
sexism2022_english-15177	Kavanaugh fondles little girls???	not sexist
sexism2022_english-15191	So...if I had a high school sweetheart I married then several years later she divorce raped me I cannot be a proper mgtow? Ok. no. This lifestyle can be for any boy or man regardless of experience. Your missing the point of the whole thing.	sexist
sexism2022_english-15296	Oh! I'm a woman. I'm actually talking about my internet friend who is participating in this thread. I only know him through reddit and I try to encourage him not to fall down the incel hole.	sexist
sexism2022_english-15300	She is pond scum. She knew right from wrong the whole time. She chose wrong. Let her rot. Just like he is. She could have stopped it at any time.	not sexist
sexism2022_english-15328	"Dont text for conversation, EVER. Keep an air of mystery about you. Easiest way to kill attraction is to talk to fucking much before you met up. Just simply text her and lock down a plan to go out with her. Thats it."	not sexist
sexism2022_english-15337	[URL] Fake rape accuser Lena Dunham plans to connect with women in middle America. #MAGA #Gab #AltRight #PresidentTrump #GabFam #DrainTheSwamp #Trump #SpeakFreely #News #PizzaGate #FakeNews	sexist
sexism2022_english-15420	"If she's flirting with you that's how you know. Unless she's a stripper, waitress or bartender looking for a good tip, no woman is going to flirt with someone they don't like."	sexist
sexism2022_english-15467	THIS WOMAN NEEDS PSYCHIATRIC CARE ASAP Kathy Griffin unleashed a profanity-laced tirade against Melania Trump	not sexist
sexism2022_english-1548	Good luck find a woman that will actually buy the game with her money.	not sexist
sexism2022_english-15630	You need to not serial text her	not sexist
sexism2022_english-15679	"And I wondered if Kerouac was Jewish. It doesn't appear so. His mother's maiden name is Lévesque, which could be related to Levi, which is about 90% Jewish. But she wasn't Jewish religiously and neither was Jack. [URL]"	not sexist
sexism2022_english-15731	You just keep hanging out and hooking up and giving her radio silence in between dates.	sexist
sexism2022_english-15767	Fucking vermin!!! Sick bastards!! But this chick should have never gone to a room with a stranger alone!!  Poor girl!!	not sexist
sexism2022_english-15772	Judging by the noise i think i need to force my rommate to clean her room every few days...	not sexist
sexism2022_english-15893	she is his puppet master	not sexist
sexism2022_english-15944	No excuse needed. Just text her every other day or something and slow it down	not sexist
sexism2022_english-15988	"[URL] The grab of all power on this earth is what this demonic entity's followers who kill woman, children, to pleace ivell. Pray and fast more so good will prevail of at least slow demons to a stand still for a few more mont's 5G=genocide"	not sexist
sexism2022_english-15990	"Just do some wannabee porn with Crack whores, funniest thing ever"	not sexist
sexism2022_english-15998	"Antisemites fall into either of two categories, they are either stupid or muslim. mohammad was a pedophile that married a prepubescent girl. Are you also a filthy muslim or are you just stupid?"	not sexist
sexism2022_english-16021	Can't decide which one goes best with her outfit...	sexist
sexism2022_english-16061	Naked Mexican man drowns his daughter in Baptismal pool in a California church [URL]	not sexist
sexism2022_english-16062	"I have no idea what you're trying to say, but I think a reasonable stance is that you should be punished for groping *anyone* without consent, no matter their gender. And definitely if you kick a coat hanger up someone's ass."	not sexist
sexism2022_english-16065	This is how liberal gay men talk.	sexist
sexism2022_english-16068	"It does not matter that you did not get her number. In fact, one might argue that it was for the better that you didn't. Because you know you will be seeing her again at the gym. You can get the number next time, or the time after, no hurries."	not sexist
sexism2022_english-16090	agree not impossible but you'd think if she was freaked out about being raped in front of her husband that would be somewhat difficult.	not sexist
sexism2022_english-16106	"i fucking hate youtube girls. be moderately attractive, tell some made up retarded stories, start a patreon. $5k+ a month and youtube money."	sexist
sexism2022_english-16108	"To most of us, yes. Out in the real world most people think that just because women have historically been oppressed means that they can't be privileged on any point."	not sexist
sexism2022_english-16132	I guess you could try a female pheromone perfume but I don't know if these products are legit or not.	not sexist
sexism2022_english-1614	"Look up mystery method kiss test. There's also one where you look in her eyes and play with her hair then slowly lean into kiss (David d?). Generally, if she lets u hold her hand shell let you kiss her. Don't tell her yr a V less you want to."	sexist
sexism2022_english-16157	"Dear Aussie, you should refer to the 1000 pages from the FBI training manual (which Obama removed). These pages help you identify muslim terrorists."	not sexist
sexism2022_english-16158	"I didn't say it for myself. I pulled this trick over a 20 times and counting successful. But m 6.6, 233lbs and a beard which makes girls wet when they see it. This board isn't helped by this advice, r.lookatmei'msoawesone"	sexist
sexism2022_english-16306	"[USER] Nah, a girl's gotta have some secrets."	not sexist
sexism2022_english-16322	Call chad instead of calling the ambulance after being stabbed by chad's ex girlfriend. ( i remember there was a thread with an article about this).	not sexist
sexism2022_english-16329	I'm gonna get so much pussy when women see how much I respect them. I am such a nice guy!	not sexist
sexism2022_english-16372	Yeah Vegeta is a second fiddle manlet who got Yamcha's sloppy seconds. Goku got a virgin wife.	not sexist
sexism2022_english-16387	"[USER] - Hey faggot, we can do this all day long."	not sexist
sexism2022_english-16390	Plus you meet a ton of women	sexist
sexism2022_english-16403	I tell them my dog is the girl of my dreams.	not sexist
sexism2022_english-16412	The whole point of MGTOW is that they don't care. Women's strategy is irrelevant to them as they are not playing the game. They have left the field.	not sexist
sexism2022_english-16427	100%. Treat women like men - not special	sexist
sexism2022_english-16454	If your legs hurt try exercise. When was the lady time you went for a good walk or really stretched your legs?	not sexist
sexism2022_english-16642	"You need to practice being ""less filtered"" when flirting with women. You want to seem unfiltered but not say those stupid comments. Practice. P.S. With experience you could make those ridiculous lines work."	not sexist
sexism2022_english-16645	Non virgin females reject virgin men on sight.	sexist
sexism2022_english-16646	Imagine a white man getting up and preaching how we need to kill black people?	sexist
sexism2022_english-16695	"When she was trying to bully, everybody was laughing but when he retailated suddenly shock and gasps and of course the simp teacher holds him back even if she's the one going for more."	not sexist
sexism2022_english-16745	A lot of people these days know about WMAF stereotypes. Many people might believe that you are a loser for marrying an Asian female. You struck out with white women so you found a suitable replacement.	not sexist
sexism2022_english-16798	"Nope, tested Hispanic. So, another set of lies from this Pocahontas and her cohorts."	not sexist
sexism2022_english-16894	The whole point of this sub is to fuck women.	sexist
sexism2022_english-16935	"Never question the official narrative spoon fed us, right Paul? 10 days before the election. Watson is a tribe member by the way. The shoot/kill ratio in all of these OPs is so apparent. Better than a Navy Seal team who train daily."	not sexist
sexism2022_english-1699	"That's true, you'll literally need too be a trained zoo keeper. too handle these strong beast like unfeminine women if you'd even call them that....."	sexist
sexism2022_english-17097	Who says the different types of men women like end up covering 100% and not 5% of the male population?	not sexist
sexism2022_english-1713	[URL] Brittany Pettibone is the young girl who was kicked out of the UK for trying to conduct this very interview. Tommy Robinson flew to Vienna to conduct it.	not sexist
sexism2022_english-17132	"Caught the hit-and-runner, DOJ? And yet let them loose, you traitorous scumbag Nazis?"	not sexist
sexism2022_english-17211	women cant handle security/guard dogs they are pack animals that respond to male alphas	sexist
sexism2022_english-17255	A football playing coon who DIDN'T rape a White woman? Now that is a novelty.	not sexist
sexism2022_english-17276	they'll stay married - will rarely cross paths - she's got him by the shorthairs - gotta protect that legacy [URL]	not sexist
sexism2022_english-17293	"That is, I think, the main goal AND the starting point of a new life. When you overcome the red pill rage and stop caring about women (and understand their nature), then you're free to start a new path."	not sexist
sexism2022_english-17295	All she had to do was go to a lawyer's office. I'm sure she was late to every appointment and he also bought her lunch each time. Hoes don't stop hoeing.	sexist
sexism2022_english-17336	She is a loon Putin should turn up at number 10 and give her a wee slap	not sexist
sexism2022_english-17393	Not sure she ever had a brain...	not sexist
sexism2022_english-17436	Calling these women whores is an insult to actual whores.	sexist
sexism2022_english-17446	"They are complaining about guys but can’t stop riding in their dicks. Ladies, excuses don’t work that way. Guys are treating you like shit, because you are shit. Men don’t do things without reason, otherwise they would be girls."	not sexist
sexism2022_english-17460	"Girls can join the Boy Scouts, but boys can't join the Girl scouts? Is nobody over there applying the slightest bit of common sense and critical thinking to see the fallacy upon which this is built?"	not sexist
sexism2022_english-17485	"The only people who take the wails of despair seriously are white conservatives, if we did not do so and we refused to white knight for these white fembots the people of color would enslave them."	not sexist
sexism2022_english-17494	I'm so confused. You want to seduce women to TALK to them?	sexist
sexism2022_english-1753	Wow. Now when my wife gets mad at me for clogging the toilet I'll just show her this.	not sexist
sexism2022_english-17542	"i support you, now how do you intend to bring down #Sharia May and her govt? yes, we here in the USA our fighting too. DEUS VULT, WE NEED THE FINAL CRUSADE. #BAN ISLAM"	not sexist
sexism2022_english-17602	Guess she told your dumb ass.....WTG Pixi	not sexist
sexism2022_english-17783	Hey now... Those wild mailboxes can get pretty mean if you don't keep your eye on them. I've been known to take one or two of them out back in my day...	not sexist
sexism2022_english-17788	"Shoulda married that Japanese chick I used to hang out with. Instead she hooked up with a spic and popped out a retard that he left her alone to deal with. If only I knew then what I knew now, how much a font of feminine virtue she was and is."	sexist
sexism2022_english-17792	Absolutely true... she’s mad cool as a person though. It’s just this extra shit...	not sexist
sexism2022_english-17795	woman hating shitlord /s	not sexist
sexism2022_english-17834	Black man with Muslim beard throws unidentified liquid in 13-year-old girls face after calling her a “white bitch” [URL]	not sexist
sexism2022_english-17848	I don’t get how he intends to do this. Rapists don’t have a standard way they act around women and don’t have a standard look.	not sexist
sexism2022_english-17863	"jenna marbles was decent looking on video... she hit the wall and the makeup and lighting tricks just can't keep up. seriously, compare her old videos to her latest ones. she's fucking gross now."	sexist
sexism2022_english-17869	"Yikes, taking looks for granted while being a white privileged women. I don't envy you."	not sexist
sexism2022_english-17874	If your too retarded vto formulate a coherent question your too retarded to LARP endocrinologist	not sexist
sexism2022_english-17920	"We don't know he lied, he might have been genuine about wanting to marry her, until she cheated."	not sexist
sexism2022_english-18055	It seems like when I hit reply the username is no longer autopopulated in the response? Using Safari on iOS 12.0.1 [USER]	not sexist
sexism2022_english-18087	"This is exactly what I was thinking, I guess I'm not too out of the game then. Haha thanks man. I guess since this is the first time I've been with a girl in a while I thought I was out of it. I love you, be my friend please <3"	not sexist
sexism2022_english-18106	why is she still walking??	not sexist
sexism2022_english-18146	"And Don't forget! When the State is your mommy and daddy, there is no such thing as Child Protective Services nor any emergency police to call when they abuse you and.leave you to die."	not sexist
sexism2022_english-18148	Once women hit 30 they probably have to date men in their 40s and 50s. That's fucking gross.	sexist
sexism2022_english-18206	They don’t want to go to sex workers because that could imply the woman has agency. They want a submissive woman and they want to feel powerful.	sexist
sexism2022_english-18221	It is only done when the fat lady sings. I do not trust any of those evil Deep State traitors. Those people are NOT patriots.	not sexist
sexism2022_english-18402	I heard her labia was the original inspiration for Hammer Pants.	not sexist
sexism2022_english-18408	"This is why this sub is so important. If there is even a fraction of a chance that we can stop an attack like this or Elliot Rodgers's again, I say we keep fighting the good fight."	not sexist
sexism2022_english-18423	All our problems can be solved peacefully and without any hatred. ~Increasingly nervous boomer as his daughter is raped for the 5th time	not sexist
sexism2022_english-18433	Anyone who doesn’t hate women is a cuck.	sexist
sexism2022_english-18521	"Calling a woman a slut use to work pretty well because it was shameful to be a slut. How do you plan on holding them to these ""Standards"" chain them up?"	sexist
sexism2022_english-18535	"NO, he needs to disappear so she gets nothing in the divorce and never be married again and fuck 10 new women every week. Any man who wants this woman back after this is a stupid idiot."	sexist
sexism2022_english-18575	They want her out so they can get better democrat liars in office that might maybe have an actual chance to win an election. Remember she was a write in candidate...never even campaigned in a meaningful way...	not sexist
sexism2022_english-18667	"Like most men on this sub, you’re gay or at least asexual. I think a lot of this women hating is a cover for repressed and unwanted homosexuality. If you find female genitalia gross, you are not a straight man."	not sexist
sexism2022_english-18675	No. Being a citizen means that you are a legal resident of the U.S. And children of illegal immigrants came from illegal immigrant mothers' wombs.	not sexist
sexism2022_english-18750	"Poor woman. The gullible and innocent will suffer greatly in the globalists' war against humanity. RIP, victim of your teachers and paid elected officials."	not sexist
sexism2022_english-1887	Will making Islamic oppression of women part of Christmas ads in Germany prevent another Islamic terrorist attack on Christmas? [URL]	not sexist
sexism2022_english-18890	"this post was submitted on 17 Jun 2014 0 points (48% like it) yep, they sure bought into it..bitch."	not sexist
sexism2022_english-19032	you snooze you lose. you don't own her. you might want to take your friend aside later and tell him he's cockblocking you.	not sexist
sexism2022_english-19116	"Well darn, after reading that I know I was a perfect husband. So there was something wrong with my 3 ex wives."	not sexist
sexism2022_english-19214	Only football that is fun to watch (next to indoor) is the lingerie league....womens almost naked playing football....best idea ever! [URL]	not sexist
sexism2022_english-19269	Poor Kamala Harris. Isn't there another politician she can fuck to help her out of this one? #WillieBrown #SpeakFreely #MAGA #GabFam [URL]	not sexist
sexism2022_english-1928	[USER] probably have to get your daughter to help you	not sexist
sexism2022_english-19284	Yeah I think they're a really cool idea too. Much better than the 12 piece Lego sets they market to girls lol	sexist
sexism2022_english-19376	Honestly I'd pay it just to get her to do it and feel bad about herself after	not sexist
sexism2022_english-19495	"Data is always skewed because women are more likely to come forward for treatment, so frankly who knows."	sexist
sexism2022_english-19499	"My guard is always up. It would take a shit load of time spent together in casual settings in order to see the subtle intricacies in her. Wtf am I saying, it's too fucking late. Burn baby burn."	not sexist
sexism2022_english-19518	"Why is #Trump funding terrorists in Israel and Saudi Arabia, countries that behead women for driving and commit genocide? #MAGA [URL]"	not sexist
sexism2022_english-19599	"Nah, you don't have to say something different on the approach. It's more after the conversation starts. Most women will have no memory of how you started the convo if the convo itself is interesting/different."	not sexist
sexism2022_english-19686	I don’t get it? 90% of women would only date the top 5% of men? So why get mad if a “normie” isn’t looking for a shehag?	not sexist
sexism2022_english-19692	Hundreds of dead baby girls have been found in #Pakistan rubbish dumps: [URL]	not sexist
sexism2022_english-19701	Historical revisionist Robert Faurrison has passed away from a heart attack at the age of 90 after returning from his victory in London. Rest in Peace. [URL]	not sexist
sexism2022_english-19729	"If a woman demands to be treated ""like a woman"" tell her that she needs to get on her knees and ""treat me like a man."" Stereotypes cut both ways, and if a woman expects traditional gender norms well then she better live up to her end of the bargain."	sexist
sexism2022_english-19732	"The funniest thing about this is that she had NO spike in sales after endorsing Hillary. Or, if she did, it certainly wasn't significant."	not sexist
sexism2022_english-19759	"Well, she is one pathetic whore pinp, and McCabe's attorney jettisoned off, so there is that."	not sexist
sexism2022_english-19781	"There is a little bit of oneitis, I'll admit. And that of course gets amplified while we're on this trip together. Hitting on other women while we're here would piss her off for sure, but maybe that's better than apathy."	sexist
sexism2022_english-19821	"Stop TALKING about it and DO it. She's still there and still doing permanent damage, and people simply say, ""She has to go...I sure hope someone makes her go."""	not sexist
sexism2022_english-19843	"The wage gap is not a women's rights issue. Men just work harder longer hours than women, so they deserve to be paid more. #feminism"	sexist
sexism2022_english-19886	being a NoDak--I'm livid--the woman sold her soul for that Senate seat and now is sucking up to the Republicans because her record will get her fired---ought to make her walk--	not sexist
sexism2022_english-19936	british girls gather around demonic enthity #AriadnaGrande while she promotes the One World Gov of the antichrist [URL]	sexist
sexism2022_english-2061	Commie Lee is going to start a new career as a street whore to make way for proud brown woman in Senate [URL] #AusFam #AusPol #ausfam #auspol #Ausfam #Auspol #Australia	not sexist
sexism2022_english-2101	"I've never seen this many pissed off females in my life, for me ones, one too many..LOL"	not sexist
sexism2022_english-2118	The issue is not her being an idiot for thinking it will work. Its all the idiots on the internet who ensure it does.	not sexist
sexism2022_english-2160	"W.O.W! #PresidentTrump has balls the size of Obama's ego. I prefer the ""balls"", myself! "	not sexist
sexism2022_english-2178	"[Chivalry is dead, and women killed it]([URL]"	sexist
sexism2022_english-2231	"No! If you are a toxic cunt, being yourself is not the right advice to follow."	not sexist
sexism2022_english-2304	but that's a sport with women in it so it objectively doesn't matter!	sexist
sexism2022_english-2326	Lesbian relationships are tough.	not sexist
sexism2022_english-2334	"[URL] Hu'tegh SoHvaD pagh maQam! 'oH wIghaj, liberal toDSaH! vaj fuck! Aaaargh, we can't stand you anymore! We've had it with you, #liberal idiots! So, fuck off!) #Discovery #StarTrek #Klingon #warriors #racist #Trump #supporters"	sexist
sexism2022_english-2368	That’s abuse on women	sexist
sexism2022_english-24	"Yea, consider 6 out of 10 kids cant read english, how long before the old white folks die off. yep this is fine...what a fucking retard [URL]"	not sexist
sexism2022_english-2406	JFL if you still think women are “complicated”	not sexist
sexism2022_english-2469	be more open I think women enjoy trying to turn an alpha guy beta.	sexist
sexism2022_english-2478	I think Trump should fire his Chink wife	not sexist
sexism2022_english-251	"For men, it depends on whether you’d prefer to trade effort for risk For women, it depends on what “the best” is?"	sexist
sexism2022_english-2531	Facebook Sides With Pro-Homosexual Group That Wants To “Burn… Alive” Conservative Blogger Elizabeth Johnston. Twitter has also blocked her. [URL]	not sexist
sexism2022_english-2544	"Bingo, a dog is the ultimate reason to get her back to your place. Secondly you should be the one leading the dates so just take her places and do things that don't involve the dog."	not sexist
sexism2022_english-2595	"Laura was always an asshole. I followed her for some reason on the Twitters, probably because Jim retweeted her, and I can not remember a single tweet that wasn't about her feelings, especially when something offended her."	not sexist
sexism2022_english-2634	Ethnic women will complain about white guys and still fuck them at the end of the day. Jfl why do they do this??? Whitecels=fakecels.	sexist
sexism2022_english-2676	"Im more than willing to bet you look perfectly normal at the bare minimum, a lot of the girls in this sub tend to underexaggerate their actual attractiveness"	sexist
sexism2022_english-2680	"Jesus, what was this about the Daily Stormer? I know they are gook lovers, but was there some proclamation or something? I've always thought of them as a severe bunch of homosexuals with their disgust of white women."	not sexist
sexism2022_english-2777	"100% absolutely preventable, fucking women never listen"	sexist
sexism2022_english-2921	"There is no argument against circumcision that can't also be made against baptism. ""You shouldn't cut off a child's body part unless there's a very good medical reason for it."" is an argument against circumcision that you can't use against baptism."	not sexist
sexism2022_english-2923	"That part's not so hard for me, ""what are you doing today?"" sprinkle a compliment or two into the mix, close with her number or Facebook and go from there"	not sexist
sexism2022_english-2957	"Jehmu Greene is obviously lying because the first person she knows is herself. And no one would rape that, that alone fuck it willingly."	sexist
sexism2022_english-299	[USER] can't believe it! but then again is this coming from a female? yea that's believable I don't understand how they can even have fat cops I mean seriously what Roling donut they going to catch.	not sexist
sexism2022_english-2999	I am doing the same. Fuck fake friends.	not sexist
sexism2022_english-3026	It's only funny when it's offensive towards women. Make a joke about men and all of a sudden misandry is alive and well and the radical man-hating feminists are literally going to kill all men.	sexist
sexism2022_english-3106	"Or maybe a threesome focused on her with another dude? edit: also, seduction does not work like that."	sexist
sexism2022_english-3166	"The most amazing / disturbing is the time line. 36days 58 likes, 4h 37.5k likes. Not white Knighting for the chameleon but fair is fair. She (or someone else) pointed out the absolute hypocrisy to the sub-humans, in her/their OP."	not sexist
sexism2022_english-3206	Exactly. Idiots think that the asshole behavior is what attracts girls and they try to imitate it. What they dont understand is that looks attract women despite the asshole behavior.	sexist
sexism2022_english-3211	"I feel so, so terrible for any little girls that are the unfortunate children of these people. They are going to grow up so hurt."	sexist
sexism2022_english-326	A REAL WOMAN knows EXACTLY what she has to do to please her MAN. REAL men are EXCEEDINGLY easy to please. DURRRRR! #dontmakemelaugh	sexist
sexism2022_english-3293	it's more then your sad life on line !! LMFAO  she told me your about comit suicide cause your alone with no friends!! 	not sexist
sexism2022_english-3312	An insufferable NPCUNT. She ask for his name and she turn it into sexual harassment.	sexist
sexism2022_english-3318	Good Grab Ric...I'ma gonna Blast Post...this GR8 link!	not sexist
sexism2022_english-336	"But no matter how much White America gives, always there is the excuse for cultural discord. If you want to be a nigger, there is nothing I or anyone, can do for you."	not sexist
sexism2022_english-339	"I don't understand how white women can hate other white women so much. How does this support POC like they say shit like this is for. Hate is Hate, color has nothing to do with it."	not sexist
sexism2022_english-3456	What about Nordic women? Nordic women are more progressive than Usa women.	sexist
sexism2022_english-3459	It will be funny when women realize they cant accomplish trade school..	sexist
sexism2022_english-3485	Yeah stop sleeping with multiple women and just focus on you	not sexist
sexism2022_english-3525	"Male dolphin wakes up next to female whale. ""Aww man! I thought you were just a fat chick! You're a whale?!"" (My apologies to women who are a little heavier than average, I adore you.) ( no really I f-ing ADORE you.)"	not sexist
sexism2022_english-3655	"This is hilarious. The worst part is, retarded clowns like these get news time. Where is the meteor when you want it!?"	not sexist
sexism2022_english-3697	I always had flowers for My late wife.. I would send them just to be sending them for no reason.... I misdoing that now....	not sexist
sexism2022_english-371	That depends on the mentality of the men (and women) looking at them.	not sexist
sexism2022_english-3754	Earn women lol. Just buy hookers pls.	sexist
sexism2022_english-3762	Chk out her body language. You can tell she was told something by our POTUS that's pissed in her kraut! ROFL	sexist
sexism2022_english-3837	I would love to have a genuine Intimate relationship with a woman but I keep getting hurt or disappointed.	not sexist
sexism2022_english-3847	"I doubt your words. Aren't woman seen as more empathicin general? If a general perspective makes sense when it comes to personality traits of genders. But what do I know, I'm not jordan peterson."	not sexist
sexism2022_english-3926	"The problem with being 22 is that you're not going to have the experience to know whether or not you're in a great relationship or a terrible relationship. Knowing what I know now, I'd break up with her and start spinning plates."	not sexist
sexism2022_english-4027	The triangular gaze is by far the best technique. Girls love that shit.	sexist
sexism2022_english-4030	"“OMG girls, he was tiny, I couldn’t believe it. I’d never seen a dick that small. Like how do you not just do us all i favor and kys if you have a dick like that. teehee”"	not sexist
sexism2022_english-4048	Hey China go fuck yourself.	sexist
sexism2022_english-4070	Sounds like you’re a stereotypicl asian girl that worships basic white guys	sexist
sexism2022_english-4147	"What bullshit, what is the title going to be ""The great shaming?"" Not like she has actually accomplished anything of worth."	sexist
sexism2022_english-4179	"I don't care if she's lying or not. These bitches want to make SEX Illegal! Screw them. Er, or not!"	sexist
sexism2022_english-424	Watching Cape Fear and Robert DeNiro is such a smug bum mother fucker in real life that guy has no class a complete fuckin ass clown.	not sexist
sexism2022_english-4241	Reddit cuck going all the way to grant pussy pass.	sexist
sexism2022_english-4283	lol nobody cares what you have to say rostie go suck down xanax some cheep box wine and kill yourself	not sexist
sexism2022_english-43	So when does she cut off israel?	not sexist
sexism2022_english-4320	Talk to her in a calm assertive manner and let your intentions be clear to her	not sexist
sexism2022_english-4322	Hang her up and set her on fire	not sexist
sexism2022_english-4332	i don't wanna suck any beef curtain flaps 	not sexist
sexism2022_english-4342	"You fucked up with: > I, being an idiot, make the mistake and gree to be her friend out of fear of not having her in my life at all. fix that, tell her you don't think it's working out as friends. Don't be outcome independent."	not sexist
sexism2022_english-4381	"...I can hear it now...""hey bro...want her back?"""	not sexist
sexism2022_english-4413	People could just look at you and it’d put them in a good mood and make their day. Girls would drool.	not sexist
sexism2022_english-4437	"Does it surprise you that lawyer Lisa Bloom sought DONOR CASH for Trump's female accusers? Nawh, me either..."	not sexist
sexism2022_english-4457	"Why don't YOU do SOME of the work? Clean, attractively dressed, and nice smelling do NOT necessarily translate into attractive. Plus - pleasant smile, eager to please attitude = simp pussyboy beta bitchboi. You women HATE men like that."	sexist
sexism2022_english-4547	Downing Street has apparently banned Donald Trump from meeting Nigel Farage on his upcoming visit to the UK. It's sad to see how petty and jealous Theresa the Appeaser is - green isn't a good colour on her! [URL]	not sexist
sexism2022_english-4569	"Hahaha I just wish they would live their truth and cut the shit, so we wouldn't have to worry about these mfs being out in society."	not sexist
sexism2022_english-4578	You personally seem to have your life together. The problem comes with guys who identify as incel but [post stuff like this]([URL] and perpetuate the stereotype that Incels want to rape women and commit violent acts.	not sexist
sexism2022_english-458	Milllie Tibbetts got what she deserved. I am glad she is dead.	not sexist
sexism2022_english-4582	Why do you single out women. I said both men and women are entitled to sex while in a relationship.	sexist
sexism2022_english-4609	I do hate women though.	sexist
sexism2022_english-4613	We will pay you well for the name and/or whereabouts of this scumbag girl!!! Trust us!	sexist
sexism2022_english-465	Who the fuck masturbates before women ? I don't get it. He is a freak	not sexist
sexism2022_english-4682	That bitch didn't hear us the first time she opened her mouth. Better late than never ESPN...I guess.	not sexist
sexism2022_english-4710	To bad she wasn't Lebanese. Lebanese girls are the new half asians.	not sexist
sexism2022_english-4746	Archive that shit and do it now. There's no fucking way I'm going to let her get away with this shit.	sexist
sexism2022_english-477	"2/ What is not well known: After rumors spread around Southside High, a female teacher was finally arrested in 2016 for underage sex with a student back in MARCH 2013, THE SAME MONTH AS THE PROM SEARCH. [URL]"	sexist
sexism2022_english-4774	"Im not a whore and always was proud of the fact that I am modest. But, you're a little pussy who needs her tampon changed!"	sexist
sexism2022_english-4822	Rachel Dolezal says she isn't White either but that doesn't make it so.	not sexist
sexism2022_english-4862	Mika - I can see your boyfriend Joe crying at the murder trial of his former girlfriend. Remember her? The one he murdered with a blow to the head.	sexist
sexism2022_english-4863	"What comes after and opener is very simple it is asking some questions and taking an interest in them. Doesn’t matter if you want to save some for the date, you still have to take an interest in who she is and meet each other."	not sexist
sexism2022_english-4904	hey girl you can spank me anytime you want I love strong women but do I really have to harass you?	sexist
sexism2022_english-4944	"The women here are a strong and diverse group who know what gender they are, LOL. And for the most part, we do like each other...I think I've only muted one woman. Because she just wouldn't shut up...."	not sexist
sexism2022_english-4961	"There's a chance a woman can get breast cancer later in life, resulting in her needing her breasts removed. Does that mean we should automatically remove the breasts of every young girl because there's a chance she may have future problems with them?"	not sexist
sexism2022_english-4988	Piss on her face	sexist
sexism2022_english-5019	We dont care about your bad toothed british witch looking bitches. Your women are ugly across the pond and nobody wants them... nobody in history has ever wanted them...	sexist
sexism2022_english-5048	"Learn some AMOG Destroyers. Ask her, loud enough that he hears clearly, ""Hey he's trying to seduce you, is it working?"""	not sexist
sexism2022_english-5064	"Well jeeze whiz when I die because I called the cops and a woman cop shows up who isn't even strong enough to shoot her gun, I'll at least be thankful that no one got **offended**."	sexist
sexism2022_english-5125	"isn't this the bitch that tried to make that ""anti-racist"" doxing platform, failed miserably then tried to follow the shekels of being ""based black"" in any case, she is black and an enemy and should be destroyed, she doesn't deserve to be"	not sexist
sexism2022_english-524	The dyke haircuts are always a give away.	not sexist
sexism2022_english-5365	"Australian women tell Muslim Imam to shut up ""We are not your slaves"" #australia #islam #auspol #aupol #ausfam #nothingtodowithislam #sharia #anglosphere [URL]"	not sexist
sexism2022_english-5367	"I hate that expression - ""Happy wife, happy life"" because it suggests that a man should just do what his wife tells him to do or she will make his life unhappy. Of course, that is true in many marriages in the West."	not sexist
sexism2022_english-5413	"So she tried to save herself with a preemptive strike, eh? What a conniving bitch."	not sexist
sexism2022_english-5417	Breaking: Omarosa hid the recording device inside her vagina to fool security [URL]	not sexist
sexism2022_english-5429	She should earn respect not get it because XX.	not sexist
sexism2022_english-5463	As an Asian guy its because the culture frowns on Asian women being sexual. Also as much as I hate to admit it many of my fellow Asian men are very feminized (various reasons I can't begin to count) so Asian women naturally won't go there.	sexist
sexism2022_english-5467	"Incels would love to be committed to any woman, so just fucking lol at using the argument that men don't want to commit. Only the top20% men don't want to commit because they just want to use you as a cheap cum dumpster."	sexist
sexism2022_english-5521	"I was pretty clear on which bits are similar, ie I’m friends with them because they give me value and vice versus, and that we both understand this. Not because they’re female images of myself."	sexist
sexism2022_english-5543	"trousers to ininity and beyond, people post it if they think it haven't been posted before, while it is annoying, i do still see a point of re-posting this kind of post, so every new red pilled man can see how annoying/toxic female nature is"	sexist
sexism2022_english-5559	... orphans of mother is nonsense. What do you think it means ?	not sexist
sexism2022_english-5651	Deport the bitch. Let her go be an illegal somewhere else and see how things pan out for her.	not sexist
sexism2022_english-591	"I know of a crazy young woman that cries rape every time she gets caught cheating on her cucksband. He is a total idiot. Sadly, a true story."	sexist
sexism2022_english-5927	Trying to lose weight? These latest pix of the World's Ugliest Woman (also vying for most self-obsessed but the Lardassians keep beating her out) will put you off food & bring up yesterday's dinner. [URL]	not sexist
sexism2022_english-5942	Why do you focus on cheekbones so much? Are you closet gay? I don't think it's feminine to have prominent cheekbones because men on average have more prominent cheekbones.	not sexist
sexism2022_english-6085	"Sure, murder a bunch of men, way better than female murder."	not sexist
sexism2022_english-609	If you're a fucking white male and can't even get an Asian girl it's over.	sexist
sexism2022_english-6103	I can think of better words to identify this piece of shit by	not sexist
sexism2022_english-6151	"My sister lives near this evil person, just the thought she may have seen him as a doctor makes me shiver."	not sexist
sexism2022_english-6209	Women like to play games. Don’t sit there and obsess on why she hasn’t replied and most importantly don’t text her back immediately if/when she texts you back.	sexist
sexism2022_english-6245	"after 26 minutes of exhausting sex with [USER] , we finally both came. I guess she couldn't think of anyone either."	sexist
sexism2022_english-6315	"don't do this. if you're just here to insult and/or tell women here (or anyone who disagrees with you) that they're stupid, you can leave. that is not welcome here, nor is it engaging in good faith."	sexist
sexism2022_english-6343	"Maine rep introduces bill to outlaw FGM. Now the faggots & feminazi's are complaining that a radical anti muslim group is behind it. YES, we are all radical anti muslim, get your fucking hands OFF our girls! You dumb white feminazi cunts."	sexist
sexism2022_english-6350	"Full of shit is an idiom that means that you are speaking falsehoods or nonsense. That’s not a characterization of you as an individual in any other moment. Also, the last sentence didn’t attack you to any extent."	not sexist
sexism2022_english-6417	"In full chameleon mode they don't *act* or *sound* bad. It can lull you into a false sense of security, until you get hit with the AWALT stick again."	not sexist
sexism2022_english-6456	Imagine she beat herself up in the apartment. The guy would find no recourse. Would have went to jail. How many men are in jail because they got caught up with a psycho?	not sexist
sexism2022_english-6500	"So, in your opinion, should I simply embrace that I will never contact her again (and if she does I will be evasive or avoid answers), or should I first call her, make explicit what the issues are and directly say farewell forever?"	sexist
sexism2022_english-663	Guys it's one thing to preach about thots being bat shit crazed femnazis but no sane mother is going to let their child be attacked.	sexist
sexism2022_english-6675	The Quran. Little girls are for marriage and little boys (pearls) are for pleasure. They just gave all the children to the muzzophiles	sexist
sexism2022_english-6802	"Multi-pipe whistles of Europe are widespread throughout #Lithuania, called skuduciai. In ancient times, females were known for playing them."	sexist
sexism2022_english-6829	Fuck this fat sand dindu whore. Every word out of her fat disgusting mouth makes me violently angry	sexist
sexism2022_english-6950	"These past couple of decades will become known as the Great Nag, only to be corrected when an actual crisis hits that requires a re-ordering of society. Part of that effort will be known as the Great Bitch Slap."	sexist
sexism2022_english-6953	"Fuck this woman and fuck the asshole who chose her. I hope both of their exes live longer, happier lives."	sexist
sexism2022_english-6973	"Is an attention hoe. Just make your own plans if she doesn't respond in the time frame you want. If she pops up with a yes with too short of a notice, just tell her you made other plans and she should've responded sooner. Better luck next time. etc."	sexist
sexism2022_english-7138	"This woman's plea is not so much about Q, but about real hope justice and liberty will survive, IN CANADA! [URL]"	not sexist
sexism2022_english-7217	"Yes,it was. I don't think the woman who sang the solo was with them but everyone else in that video was. These guys sang the ""Hunt for Red October"" film theme song in the soundtrack."	sexist
sexism2022_english-7244	"This is the product of Jungle Fever and ACOWW. His white mother got jungle fever, rejected white men, had a kid with a Negro, and the kid grew up to be anti-white. Mudsharks are the worst kind of scum."	not sexist
sexism2022_english-7329	I'd love to fucking kick her ass	sexist
sexism2022_english-7352	"Except for the fact that women of all heights should never weigh over 135 pounds, you stupid fat cunt. FAT WOMEN ARE REPULSIVE. LOSE SOME WEIGHT YOU FUCKING COW."	not sexist
sexism2022_english-7361	that shit is getting serious take care off family	not sexist
sexism2022_english-7528	"Screw off, white knight. He did it. He lied about even knowing her. He raped and killed her. We shouldn't be spending money on this ghoul."	not sexist
sexism2022_english-7588	You can't fix Stupid but you can Shoot it.It is however a waste of a bullet so drown it instead.	not sexist
sexism2022_english-762	Obviously intruding on her Tinder time......	not sexist
sexism2022_english-7634	"Sex is simply an act, not some sort of physical ""gift"" that gets ""lost"" by a woman or man. That's your opinion. Other people have the opinion that casual sex is immoral, and both opinions are equally valid"	sexist
sexism2022_english-7637	#IntroduceYourself I'm a suicidal Jew.	not sexist
sexism2022_english-7685	"Ugh, whatever you misandristic nut. Hopefully your daughters take after their poor dad. I'm done with this."	not sexist
sexism2022_english-7713	Ultimate guide to texting please! I’m a 8/10 guy and i get a lot of girls number but i can never text them and set up a date. Please help me.	not sexist
sexism2022_english-7729	Land of the Free they said... Koresh might not have been one of /ourguys/ but that doesn't mean women and children should be burned to death by our own government for his mistakes.	sexist
sexism2022_english-7786	Drunk hanging on a lamp post notices a hooker walking by and calls her a cheap whore. She slugs him with a sock full of quarters.	sexist
sexism2022_english-7840	[USER] Your wife's poon in danger Incoming poon hack by [USER]	not sexist
sexism2022_english-7859	No wonder. One look at the poor girl and I can already tell that she is half Thai.	not sexist
sexism2022_english-7918	"With every tweet aimed at publicizing and shaming my position on transgenderism, the progressive Left is solidifying my decision to call Bruce Jenner by his given name. ~Bethany Mandel"	not sexist
sexism2022_english-7932	Great! you will have mine to add lol... The Vindicator knows about his jaded past with women. [URL] in that blog it has the vindicator's stories about his attacks on women.	not sexist
sexism2022_english-7939	"as a latino student .... ""STOP BREAKING THE LAW ASSHOLE"" - jim carrey"	not sexist
sexism2022_english-794	Pretty sure I just got cancer reading that piece of horseshit article.	not sexist
sexism2022_english-8012	Asian-white intermarriage is enormous LMAO the white man only registers Asian women as human.	not sexist
sexism2022_english-8068	LOL. This totally made my day!	not sexist
sexism2022_english-8089	"Yes he does. That’s like saying you don’t have to not play Russian roulette. It’s the only logical choice. Therefore it’s the only choice, unless you’re a masochist."	not sexist
sexism2022_english-819	Isn't dyke a derogatory term?	not sexist
sexism2022_english-8315	You *know* she blames the guy for the outcome too.	not sexist
sexism2022_english-8320	"If a girl is saying these things to you, she is not interesting in having sex with you, only in mocking you."	sexist
sexism2022_english-8326	"That's a drag. she breathed, laconically lighting a cigarette. ""Don't squirm"" she said darkly, jabbing the leeches with the lighted end."	not sexist
sexism2022_english-8499	and it was an interesting article..... now i wonder if i had a girl friend i probably have not suffered a stroke ^_^ ...... I did suffer one	not sexist
sexism2022_english-866	"ace people still have libidos and can enjoy the physical sensations of sex, they just don’t feel sexual attraction to people. another commenter said, “like a gay man in an all female gym,” which— yeah, pretty much."	sexist
sexism2022_english-868	bill clinton also raped that 12 yr old girl in arkansas and hillary found a cple patsies to blame it on and handled the case in court by defending them.	not sexist
sexism2022_english-8688	Most women I know in their early 20's have a count over over 20. Also I'm being modest.	sexist
sexism2022_english-8693	Is he from that part of California? They prefer hummus and avocado with their hats when they're forced to eat them ;)	not sexist
sexism2022_english-8718	me too man. like at this point i know i have no chance with her so why not give all the imagination i got	not sexist
sexism2022_english-8757	Ha! the bigotry of low expectations	not sexist
sexism2022_english-8811	"Tsk tsk, Greek. Not ALL women. Some of us love men in all their glorious imperfections. Not ALL men love women the way they are....if they are feminazis for instance. ""Absolutes will always get you in trouble"". There's my American wisdom for you. :)"	not sexist
sexism2022_english-8825	Put her out of her misery.	not sexist
sexism2022_english-8874	"You know what would REALLY kill Feminists? Just ignore them, don't take the pictures, completely ignore them. Drives any woman crazy."	not sexist
sexism2022_english-8965	No frantic women! No matter what you do it will not cause more trouble pain and anxiety Then a frantic woman.	sexist
sexism2022_english-8966	[USER] A truly awesome movie. She was/is the most sinister female in all movie history. Brilliant.	not sexist
sexism2022_english-8998	Yet another author's career has been destroyed and her reputation hammered by SJWs. I will fight them tooth and nail. I will take the attacks! I don't care anymore. These ppl need to be shut down! We can't be quiet anymore!	not sexist
sexism2022_english-9009	"I’ve been in a similar situation and it’s best to move on, close the door behind you, and lock it (block her). She’s been using you for attention and don’t waste your energy on someone who clearly won’t reciprocate."	not sexist
sexism2022_english-9015	"yep, Jew Shackna, CEO of Medicis bound up his gf and hung her off a balcony in his mansion in SD a few yeras ago. Ruled a (((suicide))) [URL]"	not sexist
sexism2022_english-9068	Hitler was raised by a single mother	sexist
sexism2022_english-9076	shes looking for a buddy? brooo throw some sexual innuendo in there	sexist
sexism2022_english-9135	"Well thanks to these woman, my new standards are so high I'm single"	sexist
sexism2022_english-9176	"You just contradicted yourself. They are some of the most well known rich celebrities, automatically that removes them from being a good example. If anyone was that rich they'd be swimming in pussy."	sexist
sexism2022_english-9234	"He's not gonna listen. He's probably gonna learn the hard way. Like he said, his gf is not like the other girls."	not sexist
sexism2022_english-9371	pole mom's IG [URL]	sexist
sexism2022_english-9422	"oh well, bet she knows very well what she wants and that is riding the cock carousel."	not sexist
sexism2022_english-9423	Only Democrats and their Media could compared Russian Meddling to Pearl Harbour(3000 lives lost). Fucking idiots at CNN.	not sexist
sexism2022_english-9576	"As far as I can tell, she's an elderly, unmarried, childless liberal. So this is unsurprising."	not sexist
sexism2022_english-9586	"Mark Dice was suspended from Twitter simply for stating the scientific fact that believing you have multiple genders is a mental illness. In a post-fact world, science becomes “hate speech.”"	not sexist
sexism2022_english-9612	"The title is annoying true Ladies: um is this true????? No, that is not good"	not sexist
sexism2022_english-9620	Paul Joseph Watson ‏ More Sweden: Migrants gang rape woman and broadcast it live on Facebook. Cultural enrichment. [URL] …	not sexist
sexism2022_english-9710	"Oh, hell no, even I wouldn't do that to those poor jihadi's, just ship her to Supermax..."	not sexist
sexism2022_english-9745	[USER] Ha! Good thing that wasn't me. I'd have gone redneck on her ass and knocked her block off for her. 	not sexist
sexism2022_english-9785	"I would say feminism angers insecure men who can't handle the idea that women are independent and make their own money. Anyone, man or woman or other, who doesn't respect you as a human being and treats you as described isn't worth your time."	sexist
sexism2022_english-9789	"Dear Lord, Give our Cheyza patience as she deals with gooberment bureaucrats. Give her the strength to avoid throat punching some idiot while waiting in line. Amen"	not sexist
sexism2022_english-9889	[USER] That's [USER] she wants the dicks out for everything 	not sexist
sexism2022_english-9893	Why not chase young skirts when you're in your mid 20s?	not sexist
sexism2022_english-9894	"Hey Justin, we've all seen your Ho, and the gutter thug isn't up to the standards of our President. Why don't you get some Mudslime Nigger to suck your wife's dick? You can really be culturally inclusive then."	sexist
sexism2022_english-9949	Imagine the hypocrisy of someone who actually admitted to groping a woman when he was younger posting this shit	not sexist
sexism2022_english-9976	I do not approve of hitting women or anusing them in any similar ways. wut	not sexist
sexism2022_english-9988	"Whitney simmons Never heard of her, but upon googling, that's definitely not attainable by most women. Face and chest are well above average. Think more like this: [URL]"	sexist
sexism2022_english-9999	Laura Bates Lol she looks like she'd suck the soul right outta your dick with those dead witch eyes my god.	sexist